"Reference","Value","Datasheet","Footprint","Qty","DNP","DigiKey","LCSC"
"C1,C13,C38,C39,C43,C45,C68,C69","0.01uF","https://www.vishay.com/docs/45171/kseries.pdf","Capacitor_THT:C_Disc_D4.3mm_W1.9mm_P5.00mm","8","","BC1101CT-ND,BC2662CT-ND",""
"C2,C35,C42","10uF","https://www.we-online.com/katalog/datasheet/860010372001.pdf,~","Capacitor_THT:CP_Radial_D5.0mm_P2.50mm","3","","732-8593-1-ND",""
"C3,C5,C6,C7,C8,C9,C10,C12","100nF","~","PCM_Capacitor_SMD_AKL:C_0805_2012Metric_Pad1.18x1.45mm_HandSolder","8","","","C1711"
"C4,C14,C15,C16,C17,C18,C19,C20,C21,C27","0.1uF","https://www.vishay.com/docs/45171/kseries.pdf","Capacitor_THT:C_Disc_D4.3mm_W1.9mm_P5.00mm","10","","BC1101CT-ND",""
"C11,C37","4.7uF","https://datasheets.kyocera-avx.com/tap.pdf","Capacitor_THT:CP_Radial_D5.0mm_P2.50mm","2","","478-8984-1-ND",""
"C22","100uF","https://www.we-online.com/katalog/datasheet/860010372006.pdf","Capacitor_THT:CP_Radial_D6.3mm_P2.50mm","1","","732-8598-1-ND",""
"C23","1uF","https://www.we-online.com/katalog/datasheet/860020772005.pdf","Capacitor_THT:CP_Radial_D5.0mm_P2.50mm","1","","732-8966-1-ND",""
"C26","2.2nF","https://www.vishay.com/docs/45171/kseries.pdf","Capacitor_THT:C_Disc_D3.0mm_W2.0mm_P2.50mm","1","","BC1074CT-ND",""
"C30,C31,C32,C33","22nF","https://www.vishay.com/docs/45171/kseries.pdf","PCM_Capacitor_SMD_AKL:C_0805_2012Metric_Pad1.18x1.45mm_HandSolder","4","","","C1729"
"C40","22pF","https://connect.kemet.com:7667/gateway/IntelliData-ComponentDocumentation/1.0/download/datasheet/C315C220K2G5TA7301","PCM_Capacitor_SMD_AKL:C_0603_1608Metric_Pad1.08x0.95mm_HandSolder","1","","","C1653"
"C41","33pF","https://www.vishay.com/docs/45171/kseries.pdf","PCM_Capacitor_SMD_AKL:C_0603_1608Metric_Pad1.08x0.95mm_HandSolder","1","","","C1663"
"C44","22nF","https://www.vishay.com/docs/45171/kseries.pdf","Capacitor_THT:C_Disc_D5.0mm_W2.5mm_P5.00mm","1","","BC2677CT-ND",""
"C48","22pF","https://connect.kemet.com:7667/gateway/IntelliData-ComponentDocumentation/1.0/download/datasheet/C315C220K2G5TA7301","Capacitor_THT:C_Disc_D3.0mm_W2.0mm_P2.50mm","1","","399-13930-1-ND",""
"D1,D2,D3,D7,D8,D9","1N914","http://www.vishay.com/docs/85622/1n914.pdf","Diode_THT:D_DO-35_SOD27_P7.62mm_Horizontal","6","","1N914FS-ND",""
"D4,D5,D6","1N914","http://www.vishay.com/docs/85622/1n914.pdf","Diode_THT:D_DO-35_SOD27_P2.54mm_Vertical_KathodeUp","3","","1N914FS-ND",""
"IC1,IC2,IC3,IC4,IC5,IC6,IC7,IC8","4164","https://4donline.ihs.com/images/VipMasterIC/IC/INFN/INFNS18263/INFNS18263-1.pdf","Package_DIP:DIP-16_W7.62mm","8","","",""
"IC10","74ACT138","http://www.ti.com/lit/gpn/sn74LS138","Package_DIP:DIP-16_W7.62mm","1","","","C1547282"
"IC15","MC6883","http://www.colorcomputerarchive.com/coco/Documents/Datasheets/MC6883 Synchronous Address Multiplexer (Motorola).pdf","Package_DIP:DIP-40_W15.24mm","1","","",""
"IC16,IC24","74LS244N","http://www.ti.com/lit/ds/symlink/sn74ls244.pdf","Package_DIP:DIP-20_W7.62mm","2","","296-1653-5-ND","C22374098"
"IC17","27C256","http://ww1.microchip.com/downloads/en/DeviceDoc/doc0014.pdf","Package_DIP:DIP-28_W15.24mm","1","","",""
"IC18,IC38","74LS08","http://www.ti.com/lit/gpn/sn74LS08","Package_DIP:DIP-14_W7.62mm","2","","","C22394768"
"IC19","MC6809E","http://pdf.datasheetcatalog.com/datasheet/motorola/MC68B09S.pdf","Package_DIP:DIP-40_W15.24mm","1","","",""
"IC20","MC14529B","","Package_DIP:DIP-16_W7.62mm","1","","CD4529BCN-ND",""
"IC25","LM393P","http://www.ti.com/lit/ds/symlink/lm393.pdf","Package_DIP:DIP-8_W7.62mm","1","","296-1398-5-ND","C5209"
"IC26,IC35","MC6821","","Package_DIP:DIP-40_W15.24mm","2","","2156-MC6821CS-2156-ND",""
"IC31","74LS02N","http://www.ti.com/lit/gpn/sn74ls02","Package_DIP:DIP-14_W7.62mm","1","","296-1627-5-ND","C22374091"
"IC33","74ACT138N","http://www.ti.com/lit/gpn/sn74LS138","Package_DIP:DIP-16_W7.62mm","1","","296-1639-5-ND",""
"IC34","MC14050BCP","https://media.digikey.com/pdf/Data%20Sheets/ON%20Semiconductor%20PDFs/MC14049B,50B_Rev7.pdf","Package_DIP:DIP-16_W7.62mm","1","","296-2056-ND",""
"IC36","74LS132","http://www.ti.com/lit/gpn/sn74LS132","Package_DIP:DIP-14_W7.62mm","1","","",""
"IC37","GAL","","Package_DIP:DIP-24_W7.62mm","1","","",""
"IC39","74LS04","http://www.ti.com/lit/gpn/sn74LS04","Package_DIP:DIP-14_W7.62mm","1","","","C22374093"
"J1","Video Output Female","~","Connector_PinSocket_2.54mm:PinSocket_1x05_P2.54mm_Vertical","1","","",""
"J2","Board Interconnect Female","~","Connector_PinSocket_2.54mm:PinSocket_2x11_P2.54mm_Vertical","1","","",""
"J3","Conn_02x08_Odd_Even","~","Connector_PinSocket_2.54mm:PinSocket_2x08_P2.54mm_Vertical","1","","",""
"J4","PSG Audio","~","Dragon:AY-QTHT","1","","",""
"J5","Config","~","Connector_PinHeader_2.54mm:PinHeader_2x06_P2.54mm_Vertical","1","","",""
"JP1","32k/64k","~","Connector_PinHeader_2.54mm:PinHeader_1x03_P2.54mm_Vertical","1","","",""
"JP2","printer/comms","~","Connector_PinHeader_2.54mm:PinHeader_1x03_P2.54mm_Vertical","1","","",""
"JP3","SELECT ROM","~","Connector_PinHeader_2.54mm:PinHeader_1x03_P2.54mm_Vertical","1","","",""
"JP4","5vPower","~","Connector_PinHeader_2.54mm:PinHeader_1x02_P2.54mm_Vertical","1","","",""
"JP5","Z8hi/low","~","Jumper:SolderJumper-3_P1.3mm_Open_Pad1.0x1.5mm","1","","",""
"JP6","ROM A14","","Dragon:Jumper_4","1","","",""
"JP7","27C512","~","Jumper:SolderJumper-3_P1.3mm_Open_Pad1.0x1.5mm","1","","",""
"JP8","KBD_Config","~","Connector_PinHeader_2.54mm:PinHeader_1x03_P2.54mm_Vertical","1","","",""
"L1,L2,L3,L4","3.3uH","~","Inductor_THT:L_Axial_L7.0mm_D3.3mm_P5.08mm_Vertical_Fastron_MICC","4","","495-5561-1-ND",""
"PL1","Conn_01x18_Pin","~","Connector_PinHeader_2.54mm:PinHeader_1x18_P2.54mm_Vertical","1","","",""
"PL2","Printer","https://media.digikey.com/pdf/Data%20Sheets/CW%20Industries%20PDFs/CWN-300%20Ordering.pdf","Connector_IDC:IDC-Header_2x10-1MP_P2.54mm_Latch_Horizontal","1","","CHR20G-ND",""
"PL3","DIN-6 J/S R","https://www.dem-uk.com/deltron-components/Data/Product_Downloads/deltron-671-0501-5-way-din-socket-data.pdf","Dragon:DIN-6_DELTRON_671-0601_Horizontal","1","","",""
"PL4","DIN-5 (180) Cassette","https://www.dem-uk.com/deltron-components/Data/Product_Downloads/deltron-671-0501-5-way-din-socket-data.pdf","Dragon:DIN-5_DELTRON_671-0501_45deg_Horizontal","1","","",""
"PL5","DIN-6 J/S L","https://www.dem-uk.com/deltron-components/Data/Product_Downloads/deltron-671-0501-5-way-din-socket-data.pdf","Dragon:DIN-6_DELTRON_671-0601_Horizontal","1","","",""
"PL6","Conn_01x09_Male","https://app.adam-tech.com/products/download/data_sheet/241222/lhd-xx-ts-data-sheet.pdf","Connector_Molex:Molex_KK-396_A-41791-0009_1x09_P3.96mm_Vertical","1","","2057-LHD-09-TS-ND",""
"PL7","EDAC 392-040-558-201","https://files.edac.net/edac/content/342/342-040-558-212%20-%20EDAC%20Card%20Edge%20Connector.PDF","Dragon:Edge_2x20_P2.54mm_OvalMP","1","","151-395-040-558-201-ND",""
"PL8","EDAC 392-040-558-201","","Connector_PinHeader_2.54mm:PinHeader_2x20_P2.54mm_Vertical","1","","151-395-040-558-201-ND",""
"PL9","Serial","http://www.mouser.com/ds/2/18/40_c091_abd_e-75918.pdf","Dragon:DIN-7_DELTRON_671-0701_Horizontal","1","","",""
"R1","100R","~","Resistor_THT:R_Axial_DIN0207_L6.3mm_D2.5mm_P10.16mm_Horizontal","1","","CF14JT100RCT-ND",""
"R2,R3,R4,R49,R54","1K","~","Resistor_THT:R_Axial_DIN0207_L6.3mm_D2.5mm_P10.16mm_Horizontal","5","","CF14JT1K00CT-ND",""
"R5","1K","~","Resistor_THT:R_Axial_DIN0207_L6.3mm_D2.5mm_P2.54mm_Vertical","1","","",""
"R10,R11","4K7","~","Resistor_SMD:R_0805_2012Metric_Pad1.20x1.40mm_HandSolder","2","","CF14JT4K70CT-ND","C17673"
"R12,R19,R20,R21,R22,R23,R24,R25,R26,R27,R28,R66","22R","~","PCM_Resistor_SMD_AKL:R_0805_2012Metric_Pad1.20x1.40mm_HandSolder","12","","","C17561"
"R13,R14,R30,R31,R32,R39,R40,R41","4K7","~","Resistor_THT:R_Axial_DIN0207_L6.3mm_D2.5mm_P2.54mm_Vertical","8","","CF14JT4K70CT-ND",""
"R15,R36","100K","~","Resistor_THT:R_Axial_DIN0207_L6.3mm_D2.5mm_P2.54mm_Vertical","2","","CF14JT100KCT-ND",""
"R16","33K","~","Resistor_THT:R_Axial_DIN0207_L6.3mm_D2.5mm_P2.54mm_Vertical","1","","CF14JT33K0CT-ND",""
"R29","68K","~","Resistor_THT:R_Axial_DIN0207_L6.3mm_D2.5mm_P10.16mm_Horizontal","1","","CF14JT68K0CT-ND",""
"R37","1K5","~","PCM_Resistor_SMD_AKL:R_0603_1608Metric_Pad1.05x0.95mm_HandSolder","1","","","C22843"
"R38,R63","4K7","~","Resistor_THT:R_Axial_DIN0207_L6.3mm_D2.5mm_P10.16mm_Horizontal","2","","CF14JT4K70CT-ND",""
"R42,R43,R55,R56","10K","~","Resistor_THT:R_Axial_DIN0207_L6.3mm_D2.5mm_P10.16mm_Horizontal","4","","CF14JT10K0CT-ND",""
"R45","6K8","~","Resistor_THT:R_Axial_DIN0207_L6.3mm_D2.5mm_P10.16mm_Horizontal","1","","CF14JT6K80CT-ND",""
"R46","220R","~","Resistor_THT:R_Axial_DIN0207_L6.3mm_D2.5mm_P10.16mm_Horizontal","1","","CF14JT220RCT-ND",""
"R47","8K2","~","Resistor_THT:R_Axial_DIN0207_L6.3mm_D2.5mm_P10.16mm_Horizontal","1","","CF14JT8K20CT-ND",""
"R48","15K","~","Resistor_THT:R_Axial_DIN0207_L6.3mm_D2.5mm_P10.16mm_Horizontal","1","","CF14JT15K0CT-ND",""
"R50,R52","56K","~","Resistor_THT:R_Axial_DIN0207_L6.3mm_D2.5mm_P10.16mm_Horizontal","2","","CF14JT56K0CT-ND",""
"R51","1M5","~","Resistor_THT:R_Axial_DIN0207_L6.3mm_D2.5mm_P10.16mm_Horizontal","1","","CF14JT1M50CT-ND",""
"R53","10M","~","Resistor_THT:R_Axial_DIN0207_L6.3mm_D2.5mm_P10.16mm_Horizontal","1","","CF14JT10M0CT-ND",""
"R57","20K 1%","~","Resistor_THT:R_Axial_DIN0207_L6.3mm_D2.5mm_P10.16mm_Horizontal","1","","RNF14FTD20K0CT-ND",""
"R58","80K6 1%","~","Resistor_THT:R_Axial_DIN0207_L6.3mm_D2.5mm_P10.16mm_Horizontal","1","","RNF14FTD80K6CT-ND",""
"R59","160K 1%","~","Resistor_THT:R_Axial_DIN0207_L6.3mm_D2.5mm_P10.16mm_Horizontal","1","","S160CACT-ND",""
"R60","330K 1%","~","Resistor_THT:R_Axial_DIN0207_L6.3mm_D2.5mm_P10.16mm_Horizontal","1","","S330KCACT-ND",""
"R61","40K2 1%","~","Resistor_THT:R_Axial_DIN0207_L6.3mm_D2.5mm_P10.16mm_Horizontal","1","","RNF14FTD41K2CT-ND",""
"R62","10K 1%","~","Resistor_THT:R_Axial_DIN0207_L6.3mm_D2.5mm_P10.16mm_Horizontal","1","","RNF14FTD10K0CT-ND",""
"R64","100K","~","Resistor_THT:R_Axial_DIN0207_L6.3mm_D2.5mm_P10.16mm_Horizontal","1","","CF14JT100KCT-ND",""
"RL1","OJS HM FORM A","https://www.te.com/commerce/DocumentDelivery/DDEController?Action=srchrtrv&DocNm=OJS_10A&DocType=DS&DocLang=English","Dragon:OJS HM 10A Relay","1","","41-OJS-SH-105HMF,00000-ND",""
"RN1","4k7","~","PCM_Resistor_SMD_AKL:R_Array_Convex_8x0602","1","DNP","Y1472CT-ND","C713463"
"RN2","4K7x6","http://www.vishay.com/docs/31509/csc.pdf","Resistor_THT:R_Array_SIP7","1","","","C39096"
"RV3","470R","~","Potentiometer_THT:Potentiometer_Bourns_3386X_Horizontal","1","","3386H-103LF-ND",""
"SW1","RESET","https://www.ckswitches.com/media/1402/fpush.pdf","Dragon:Button_AlpsAlpine_SPUN190900","1","","401-1225-ND",""
"TR1","PN2222","http://www.farnell.com/datasheets/296634.pdf","Package_TO_SOT_THT:TO-92_Inline_Wide","1","","KSD1616AYTACT-ND","C896866"
"U1","MAX3232","https://datasheets.maximintegrated.com/en/ds/MAX3222-MAX3241.pdf","Package_DIP:DIP-16_W7.62mm","1","","",""
"U2","GAL22V10","","Package_DIP:DIP-24_W7.62mm","1","","",""
"U12","M6551","","Package_DIP:DIP-28_W15.24mm","1","","",""
"XL2","14.31818MHz","https://www.ctscorp.com/wp-content/uploads/MP.pdf","Crystal:Crystal_HC49-U_Horizontal","1","","CTX088-ND",""
"XL3","1.8432MHz","~","Crystal:Crystal_HC18-U_Horizontal_1EP_style2","1","","",""
